sexo,ano,mes,cnae_2_secao,saldo
1,2020,1,A,14700
3,2020,1,A,1395
1,2020,1,B,86
3,2020,1,B,71
1,2020,1,C,31929
3,2020,1,C,23544
1,2020,1,D,-249
3,2020,1,D,-34
1,2020,1,E,356
3,2020,1,E,130
1,2020,1,F,30352
3,2020,1,F,1413
1,2020,1,G,-15538
3,2020,1,G,-37951
1,2020,1,H,-2571
3,2020,1,H,476
1,2020,1,I,447
3,2020,1,I,2333
1,2020,1,J,3200
3,2020,1,J,2322
1,2020,1,K,971
3,2020,1,K,759
1,2020,1,L,538
3,2020,1,L,525
1,2020,1,M,4744
3,2020,1,M,4346
1,2020,1,N,4984
3,2020,1,N,3288
1,2020,1,O,-165
3,2020,1,O,-280
1,2020,1,P,779
3,2020,1,P,6202
1,2020,1,Q,876
3,2020,1,Q,4643
1,2020,1,R,1522
3,2020,1,R,398
1,2020,1,S,587
3,2020,1,S,1537
1,2020,1,T,7
3,2020,1,T,-6
1,2020,1,U,-7
3,2020,1,U,12
1,2020,2,A,4765
3,2020,2,A,177
1,2020,2,B,916
3,2020,2,B,423
1,2020,2,C,13036
3,2020,2,C,20187
1,2020,2,D,159
3,2020,2,D,132
1,2020,2,E,1209
3,2020,2,E,170
1,2020,2,F,21321
3,2020,2,F,2149
1,2020,2,G,12382
3,2020,2,G,-6139
1,2020,2,H,5405
3,2020,2,H,2844
1,2020,2,I,3627
3,2020,2,I,8063
1,2020,2,J,2571
3,2020,2,J,1502
1,2020,2,K,1051
3,2020,2,K,848
1,2020,2,L,506
3,2020,2,L,590
1,2020,2,M,4329
3,2020,2,M,2806
1,2020,2,N,11298
3,2020,2,N,4221
1,2020,2,O,1845
3,2020,2,O,9406
1,2020,2,P,13303
3,2020,2,P,36186
1,2020,2,Q,1635
3,2020,2,Q,8078
1,2020,2,R,924
3,2020,2,R,547
1,2020,2,S,1010
3,2020,2,S,4878
1,2020,2,T,14
3,2020,2,T,-10
1,2020,2,U,0
3,2020,2,U,8
1,2020,3,A,-2914
3,2020,3,A,-1535
1,2020,3,B,-349
3,2020,3,B,156
1,2020,3,C,-21924
3,2020,3,C,-12259
1,2020,3,D,150
3,2020,3,D,19
1,2020,3,E,428
3,2020,3,E,38
1,2020,3,F,-13944
3,2020,3,F,771
1,2020,3,G,-25655
3,2020,3,G,-47072
1,2020,3,H,-2769
3,2020,3,H,-2681
1,2020,3,I,-36896
3,2020,3,I,-44478
1,2020,3,J,774
3,2020,3,J,-805
1,2020,3,K,945
3,2020,3,K,892
1,2020,3,L,-25
3,2020,3,L,37
1,2020,3,M,-1235
3,2020,3,M,-786
1,2020,3,N,-18868
3,2020,3,N,-17123
1,2020,3,O,650
3,2020,3,O,2822
1,2020,3,P,3369
3,2020,3,P,6942
1,2020,3,Q,2972
3,2020,3,Q,6495
1,2020,3,R,-2516
3,2020,3,R,-2796
1,2020,3,S,-1119
3,2020,3,S,-2038
1,2020,3,T,8
3,2020,3,T,1
1,2020,3,U,5
3,2020,3,U,2
1,2020,4,A,-3525
3,2020,4,A,-1916
1,2020,4,B,-1206
3,2020,4,B,-80
1,2020,4,C,-121547
3,2020,4,C,-79213
1,2020,4,D,76
3,2020,4,D,-26
1,2020,4,E,-2403
3,2020,4,E,-679
1,2020,4,F,-64754
3,2020,4,F,-4814
1,2020,4,G,-123642
3,2020,4,G,-119555
1,2020,4,H,-40897
3,2020,4,H,-11857
1,2020,4,I,-62597
3,2020,4,I,-73808
1,2020,4,J,-7065
3,2020,4,J,-6122
1,2020,4,K,-2038
3,2020,4,K,-3496
1,2020,4,L,-1604
3,2020,4,L,-2002
1,2020,4,M,-11533
3,2020,4,M,-11051
1,2020,4,N,-44344
3,2020,4,N,-46847
1,2020,4,O,-25
3,2020,4,O,-25
1,2020,4,P,-6867
3,2020,4,P,-16757
1,2020,4,Q,2260
3,2020,4,Q,618
1,2020,4,R,-7724
3,2020,4,R,-6860
1,2020,4,S,-7064
3,2020,4,S,-11286
1,2020,4,T,-21
3,2020,4,T,-16
1,2020,4,U,-2
3,2020,4,U,-3
1,2020,5,A,11868
3,2020,5,A,3912
1,2020,5,B,-501
3,2020,5,B,-43
1,2020,5,C,-60620
3,2020,5,C,-37284
1,2020,5,D,15
3,2020,5,D,-4
1,2020,5,E,-1870
3,2020,5,E,-358
1,2020,5,F,-18348
3,2020,5,F,-2370
1,2020,5,G,-49509
3,2020,5,G,-44765
1,2020,5,H,-22658
3,2020,5,H,-5155
1,2020,5,I,-25690
3,2020,5,I,-32317
1,2020,5,J,-2823
3,2020,5,J,-2114
1,2020,5,K,-1239
3,2020,5,K,-2104
1,2020,5,L,-776
3,2020,5,L,-838
1,2020,5,M,-5271
3,2020,5,M,-5535
1,2020,5,N,-10931
3,2020,5,N,-9668
1,2020,5,O,208
3,2020,5,O,276
1,2020,5,P,-5978
3,2020,5,P,-13030
1,2020,5,Q,3399
3,2020,5,Q,3945
1,2020,5,R,-3103
3,2020,5,R,-2585
1,2020,5,S,-3859
3,2020,5,S,-5126
1,2020,5,T,6
3,2020,5,T,-19
1,2020,5,U,-2
3,2020,5,U,2
1,2020,6,A,28979
3,2020,6,A,7850
1,2020,6,B,433
3,2020,6,B,203
1,2020,6,C,2281
3,2020,6,C,-6724
1,2020,6,D,-284
3,2020,6,D,-50
1,2020,6,E,-1158
3,2020,6,E,-219
1,2020,6,F,17105
3,2020,6,F,-216
1,2020,6,G,-5467
3,2020,6,G,-14332
1,2020,6,H,-6537
3,2020,6,H,-2313
1,2020,6,I,-15918
3,2020,6,I,-22185
1,2020,6,J,1188
3,2020,6,J,56
1,2020,6,K,-256
3,2020,6,K,-926
1,2020,6,L,-198
3,2020,6,L,-265
1,2020,6,M,-893
3,2020,6,M,-3002
1,2020,6,N,9733
3,2020,6,N,5390
1,2020,6,O,-19
3,2020,6,O,-251
1,2020,6,P,-7204
3,2020,6,P,-13213
1,2020,6,Q,3477
3,2020,6,Q,10082
1,2020,6,R,-2406
3,2020,6,R,-2115
1,2020,6,S,-1485
3,2020,6,S,-2375
1,2020,6,T,7
3,2020,6,T,-4
1,2020,6,U,-8
3,2020,6,U,-5
1,2020,7,A,18547
3,2020,7,A,4418
1,2020,7,B,751
3,2020,7,B,140
1,2020,7,C,39300
3,2020,7,C,12800
1,2020,7,D,61
3,2020,7,D,-25
1,2020,7,E,-267
3,2020,7,E,-130
1,2020,7,F,40502
3,2020,7,F,1453
1,2020,7,G,20882
3,2020,7,G,5259
1,2020,7,H,-1683
3,2020,7,H,-1776
1,2020,7,I,-10569
3,2020,7,I,-16283
1,2020,7,J,2999
3,2020,7,J,1368
1,2020,7,K,141
3,2020,7,K,-31
1,2020,7,L,488
3,2020,7,L,161
1,2020,7,M,3845
3,2020,7,M,1818
1,2020,7,N,6432
3,2020,7,N,3873
1,2020,7,O,-178
3,2020,7,O,-297
1,2020,7,P,-7017
3,2020,7,P,-12864
1,2020,7,Q,2968
3,2020,7,Q,10552
1,2020,7,R,-1369
3,2020,7,R,-1483
1,2020,7,S,-377
3,2020,7,S,-1130
1,2020,7,T,8
3,2020,7,T,6
1,2020,7,U,1
3,2020,7,U,4
1,2020,8,A,9385
3,2020,8,A,1299
1,2020,8,B,598
3,2020,8,B,276
1,2020,8,C,67398
3,2020,8,C,22789
1,2020,8,D,102
3,2020,8,D,18
1,2020,8,E,1409
3,2020,8,E,243
1,2020,8,F,47949
3,2020,8,F,2893
1,2020,8,G,31717
3,2020,8,G,15953
1,2020,8,H,835
3,2020,8,H,-1266
1,2020,8,I,-5685
3,2020,8,I,-10252
1,2020,8,J,3778
3,2020,8,J,2123
1,2020,8,K,627
3,2020,8,K,632
1,2020,8,L,466
3,2020,8,L,536
1,2020,8,M,8838
3,2020,8,M,3926
1,2020,8,N,21740
3,2020,8,N,12258
1,2020,8,O,-96
3,2020,8,O,41
1,2020,8,P,-838
3,2020,8,P,-7648
1,2020,8,Q,-1491
3,2020,8,Q,9467
1,2020,8,R,-934
3,2020,8,R,-870
1,2020,8,S,163
3,2020,8,S,-273
1,2020,8,T,10
3,2020,8,T,-3
1,2020,8,U,1
3,2020,8,U,3
1,2020,9,A,7833
3,2020,9,A,87
1,2020,9,B,572
3,2020,9,B,325
1,2020,9,C,77193
3,2020,9,C,30995
1,2020,9,D,114
3,2020,9,D,34
1,2020,9,E,1286
3,2020,9,E,181
1,2020,9,F,43667
3,2020,9,F,2735
1,2020,9,G,39338
3,2020,9,G,29723
1,2020,9,H,7912
3,2020,9,H,2396
1,2020,9,I,3472
3,2020,9,I,868
1,2020,9,J,5563
3,2020,9,J,3556
1,2020,9,K,626
3,2020,9,K,659
1,2020,9,L,634
3,2020,9,L,625
1,2020,9,M,7311
3,2020,9,M,5022
1,2020,9,N,24008
3,2020,9,N,17995
1,2020,9,O,-24
3,2020,9,O,-128
1,2020,9,P,-1707
3,2020,9,P,-7343
1,2020,9,Q,306
3,2020,9,Q,5404
1,2020,9,R,415
3,2020,9,R,-7
1,2020,9,S,1149
3,2020,9,S,757
1,2020,9,T,1
3,2020,9,T,17
1,2020,9,U,-14
3,2020,9,U,3
1,2020,10,A,905
3,2020,10,A,-1202
1,2020,10,B,929
3,2020,10,B,291
1,2020,10,C,50770
3,2020,10,C,31242
1,2020,10,D,304
3,2020,10,D,49
1,2020,10,E,2011
3,2020,10,E,187
1,2020,10,F,34361
3,2020,10,F,2515
1,2020,10,G,59688
3,2020,10,G,54494
1,2020,10,H,12699
3,2020,10,H,4262
1,2020,10,I,12344
3,2020,10,I,13583
1,2020,10,J,8077
3,2020,10,J,6305
1,2020,10,K,-1572
3,2020,10,K,-1151
1,2020,10,L,729
3,2020,10,L,902
1,2020,10,M,11154
3,2020,10,M,8385
1,2020,10,N,35690
3,2020,10,N,33872
1,2020,10,O,-218
3,2020,10,O,-336
1,2020,10,P,1105
3,2020,10,P,-1729
1,2020,10,Q,526
3,2020,10,Q,5076
1,2020,10,R,1786
3,2020,10,R,1048
1,2020,10,S,561
3,2020,10,S,-724
1,2020,10,T,-5
3,2020,10,T,24
1,2020,10,U,0
3,2020,10,U,3
1,2020,11,A,-15438
3,2020,11,A,-883
1,2020,11,B,570
3,2020,11,B,510
1,2020,11,C,24620
3,2020,11,C,23468
1,2020,11,D,235
3,2020,11,D,79
1,2020,11,E,908
3,2020,11,E,123
1,2020,11,F,16970
3,2020,11,F,4117
1,2020,11,G,79630
3,2020,11,G,97805
1,2020,11,H,12046
3,2020,11,H,5856
1,2020,11,I,16030
3,2020,11,I,19677
1,2020,11,J,1972
3,2020,11,J,-823
1,2020,11,K,248
3,2020,11,K,1238
1,2020,11,L,662
3,2020,11,L,1035
1,2020,11,M,7482
3,2020,11,M,5890
1,2020,11,N,38702
3,2020,11,N,45443
1,2020,11,O,-1035
3,2020,11,O,-1357
1,2020,11,P,632
3,2020,11,P,-489
1,2020,11,Q,2775
3,2020,11,Q,12104
1,2020,11,R,1393
3,2020,11,R,1292
1,2020,11,S,1957
3,2020,11,S,3467
1,2020,11,T,28
3,2020,11,T,1
1,2020,11,U,4
3,2020,11,U,-6
1,2020,12,A,-21090
3,2020,12,A,-2678
1,2020,12,B,-533
3,2020,12,B,-8
1,2020,12,C,-25787
3,2020,12,C,-15117
1,2020,12,D,-241
3,2020,12,D,-89
1,2020,12,E,-620
3,2020,12,E,-507
1,2020,12,F,-43188
3,2020,12,F,-1170
1,2020,12,G,23998
3,2020,12,G,35154
1,2020,12,H,-3152
3,2020,12,H,186
1,2020,12,I,11003
3,2020,12,I,12245
1,2020,12,J,2007
3,2020,12,J,812
1,2020,12,K,976
3,2020,12,K,1299
1,2020,12,L,257
3,2020,12,L,451
1,2020,12,M,-3342
3,2020,12,M,-61
1,2020,12,N,1350
3,2020,12,N,3711
1,2020,12,O,-3950
3,2020,12,O,-11493
1,2020,12,P,-13710
3,2020,12,P,-30302
1,2020,12,Q,1088
3,2020,12,Q,6316
1,2020,12,R,-868
3,2020,12,R,17
1,2020,12,S,-1300
3,2020,12,S,-3812
1,2020,12,T,19
3,2020,12,T,9
1,2020,12,U,-1
3,2020,12,U,3
1,2021,1,A,28046
3,2021,1,A,4837
1,2021,1,B,856
3,2021,1,B,628
1,2021,1,C,49780
3,2021,1,C,37198
1,2021,1,D,477
3,2021,1,D,35
1,2021,1,E,866
3,2021,1,E,396
1,2021,1,F,41600
3,2021,1,F,3323
1,2021,1,G,15017
3,2021,1,G,-8045
1,2021,1,H,54
3,2021,1,H,528
1,2021,1,I,1633
3,2021,1,I,3085
1,2021,1,J,3466
3,2021,1,J,3139
1,2021,1,K,2122
3,2021,1,K,2428
1,2021,1,L,836
3,2021,1,L,1165
1,2021,1,M,8553
3,2021,1,M,9562
1,2021,1,N,10459
3,2021,1,N,13608
1,2021,1,O,1484
3,2021,1,O,734
1,2021,1,P,-541
3,2021,1,P,-4544
1,2021,1,Q,3419
3,2021,1,Q,18046
1,2021,1,R,-94
3,2021,1,R,-29
1,2021,1,S,1260
3,2021,1,S,1650
1,2021,1,T,-7
3,2021,1,T,13
1,2021,1,U,7
3,2021,1,U,-8
1,2021,2,A,18881
3,2021,2,A,3994
1,2021,2,B,1790
3,2021,2,B,558
1,2021,2,C,48931
3,2021,2,C,38615
1,2021,2,D,266
3,2021,2,D,140
1,2021,2,E,1967
3,2021,2,E,732
1,2021,2,F,40117
3,2021,2,F,4070
1,2021,2,G,42921
3,2021,2,G,23014
1,2021,2,H,7794
3,2021,2,H,3139
1,2021,2,I,3853
3,2021,2,I,12993
1,2021,2,J,5691
3,2021,2,J,4299
1,2021,2,K,1400
3,2021,2,K,1853
1,2021,2,L,792
3,2021,2,L,949
1,2021,2,M,8035
3,2021,2,M,7466
1,2021,2,N,20861
3,2021,2,N,20824
1,2021,2,O,1222
3,2021,2,O,5407
1,2021,2,P,7725
3,2021,2,P,19848
1,2021,2,Q,4750
3,2021,2,Q,21135
1,2021,2,R,1135
3,2021,2,R,846
1,2021,2,S,2986
3,2021,2,S,6814
1,2021,2,T,14
3,2021,2,T,35
1,2021,2,U,-3
3,2021,2,U,1
1,2021,3,A,1207
3,2021,3,A,2203
1,2021,3,B,1232
3,2021,3,B,174
1,2021,3,C,22832
3,2021,3,C,15347
1,2021,3,D,-328
3,2021,3,D,21
1,2021,3,E,1165
3,2021,3,E,348
1,2021,3,F,22250
3,2021,3,F,3146
1,2021,3,G,20554
3,2021,3,G,-6417
1,2021,3,H,10893
3,2021,3,H,2392
1,2021,3,I,-15056
3,2021,3,I,-15957
1,2021,3,J,6668
3,2021,3,J,5093
1,2021,3,K,927
3,2021,3,K,1420
1,2021,3,L,704
3,2021,3,L,826
1,2021,3,M,10081
3,2021,3,M,6121
1,2021,3,N,10038
3,2021,3,N,10486
1,2021,3,O,577
3,2021,3,O,2675
1,2021,3,P,3729
3,2021,3,P,9075
1,2021,3,Q,7922
3,2021,3,Q,31677
1,2021,3,R,-921
3,2021,3,R,-1432
1,2021,3,S,1920
3,2021,3,S,2695
1,2021,3,T,3
3,2021,3,T,22
1,2021,3,U,-4
3,2021,3,U,4
1,2021,4,A,9169
3,2021,4,A,1957
1,2021,4,B,1881
3,2021,4,B,487
1,2021,4,C,14969
3,2021,4,C,1455
1,2021,4,D,245
3,2021,4,D,195
1,2021,4,E,-559
3,2021,4,E,-77
1,2021,4,F,20873
3,2021,4,F,2239
1,2021,4,G,8072
3,2021,4,G,-1287
1,2021,4,H,4053
3,2021,4,H,351
1,2021,4,I,-11278
3,2021,4,I,-13285
1,2021,4,J,5984
3,2021,4,J,4029
1,2021,4,K,3146
3,2021,4,K,3375
1,2021,4,L,794
3,2021,4,L,665
1,2021,4,M,7715
3,2021,4,M,4554
1,2021,4,N,808
3,2021,4,N,3008
1,2021,4,O,231
3,2021,4,O,1425
1,2021,4,P,1468
3,2021,4,P,3466
1,2021,4,Q,7293
3,2021,4,Q,22947
1,2021,4,R,-852
3,2021,4,R,-974
1,2021,4,S,2073
3,2021,4,S,3152
1,2021,4,T,85
3,2021,4,T,12
1,2021,4,U,7
3,2021,4,U,1
1,2021,5,A,33049
3,2021,5,A,9231
1,2021,5,B,2024
3,2021,5,B,526
1,2021,5,C,27730
3,2021,5,C,11047
1,2021,5,D,131
3,2021,5,D,88
1,2021,5,E,1720
3,2021,5,E,497
1,2021,5,F,21643
3,2021,5,F,2005
1,2021,5,G,28160
3,2021,5,G,31368
1,2021,5,H,4029
3,2021,5,H,3226
1,2021,5,I,2156
3,2021,5,I,3881
1,2021,5,J,6278
3,2021,5,J,4476
1,2021,5,K,2312
3,2021,5,K,3057
1,2021,5,L,645
3,2021,5,L,696
1,2021,5,M,7750
3,2021,5,M,6964
1,2021,5,N,8758
3,2021,5,N,18086
1,2021,5,O,74
3,2021,5,O,999
1,2021,5,P,2769
3,2021,5,P,7080
1,2021,5,Q,3400
3,2021,5,Q,13021
1,2021,5,R,-171
3,2021,5,R,817
1,2021,5,S,2547
3,2021,5,S,6570
1,2021,5,T,20
3,2021,5,T,5
1,2021,5,U,7
3,2021,5,U,4
1,2021,6,A,29924
3,2021,6,A,8457
1,2021,6,B,1830
3,2021,6,B,409
1,2021,6,C,26885
3,2021,6,C,18087
1,2021,6,D,613
3,2021,6,D,169
1,2021,6,E,1655
3,2021,6,E,473
1,2021,6,F,21188
3,2021,6,F,2140
1,2021,6,G,34837
3,2021,6,G,37638
1,2021,6,H,9576
3,2021,6,H,3140
1,2021,6,I,8253
3,2021,6,I,10028
1,2021,6,J,7116
3,2021,6,J,5229
1,2021,6,K,2601
3,2021,6,K,3150
1,2021,6,L,859
3,2021,6,L,896
1,2021,6,M,7715
3,2021,6,M,7181
1,2021,6,N,13240
3,2021,6,N,19674
1,2021,6,O,26
3,2021,6,O,655
1,2021,6,P,-32
3,2021,6,P,2021
1,2021,6,Q,3607
3,2021,6,Q,13924
1,2021,6,R,838
3,2021,6,R,577
1,2021,6,S,2029
3,2021,6,S,3394
1,2021,6,T,11
3,2021,6,T,20
1,2021,6,U,-2
3,2021,6,U,3
1,2021,7,A,19943
3,2021,7,A,5577
1,2021,7,B,1693
3,2021,7,B,441
1,2021,7,C,32492
3,2021,7,C,21901
1,2021,7,D,318
3,2021,7,D,101
1,2021,7,E,1468
3,2021,7,E,416
1,2021,7,F,27380
3,2021,7,F,3257
1,2021,7,G,36327
3,2021,7,G,38253
1,2021,7,H,9612
3,2021,7,H,4685
1,2021,7,I,12622
3,2021,7,I,15638
1,2021,7,J,6201
3,2021,7,J,5152
1,2021,7,K,2510
3,2021,7,K,3017
1,2021,7,L,892
3,2021,7,L,780
1,2021,7,M,7389
3,2021,7,M,6481
1,2021,7,N,19977
3,2021,7,N,17164
1,2021,7,O,33
3,2021,7,O,660
1,2021,7,P,-2190
3,2021,7,P,-2186
1,2021,7,Q,2149
3,2021,7,Q,7984
1,2021,7,R,1400
3,2021,7,R,1155
1,2021,7,S,1989
3,2021,7,S,3987
1,2021,7,T,14
3,2021,7,T,32
1,2021,7,U,5
3,2021,7,U,6
1,2021,8,A,7348
3,2021,8,A,1762
1,2021,8,B,1105
3,2021,8,B,576
1,2021,8,C,45227
3,2021,8,C,24077
1,2021,8,D,225
3,2021,8,D,132
1,2021,8,E,634
3,2021,8,E,786
1,2021,8,F,29682
3,2021,8,F,3702
1,2021,8,G,37593
3,2021,8,G,40096
1,2021,8,H,12439
3,2021,8,H,6240
1,2021,8,I,14397
3,2021,8,I,19332
1,2021,8,J,6734
3,2021,8,J,4831
1,2021,8,K,2715
3,2021,8,K,3271
1,2021,8,L,871
3,2021,8,L,870
1,2021,8,M,8157
3,2021,8,M,7140
1,2021,8,N,18141
3,2021,8,N,27003
1,2021,8,O,-25
3,2021,8,O,1171
1,2021,8,P,7672
3,2021,8,P,17519
1,2021,8,Q,1292
3,2021,8,Q,7255
1,2021,8,R,2396
3,2021,8,R,2079
1,2021,8,S,2609
3,2021,8,S,6223
1,2021,8,T,22
3,2021,8,T,39
1,2021,8,U,4
3,2021,8,U,-2
1,2021,9,A,7764
3,2021,9,A,1122
1,2021,9,B,1024
3,2021,9,B,644
1,2021,9,C,48610
3,2021,9,C,24167
1,2021,9,D,188
3,2021,9,D,130
1,2021,9,E,902
3,2021,9,E,530
1,2021,9,F,23430
3,2021,9,F,2758
1,2021,9,G,27876
3,2021,9,G,32519
1,2021,9,H,13205
3,2021,9,H,4728
1,2021,9,I,13267
3,2021,9,I,18463
1,2021,9,J,5973
3,2021,9,J,3890
1,2021,9,K,3022
3,2021,9,K,3081
1,2021,9,L,716
3,2021,9,L,825
1,2021,9,M,7001
3,2021,9,M,6556
1,2021,9,N,13418
3,2021,9,N,20119
1,2021,9,O,-170
3,2021,9,O,1114
1,2021,9,P,4617
3,2021,9,P,11390
1,2021,9,Q,533
3,2021,9,Q,1788
1,2021,9,R,2007
3,2021,9,R,1895
1,2021,9,S,2541
3,2021,9,S,5293
1,2021,9,T,11
3,2021,9,T,21
1,2021,9,U,1
3,2021,9,U,7
1,2021,10,A,-5915
3,2021,10,A,-741
1,2021,10,B,649
3,2021,10,B,502
1,2021,10,C,6464
3,2021,10,C,17281
1,2021,10,D,174
3,2021,10,D,127
1,2021,10,E,946
3,2021,10,E,552
1,2021,10,F,14566
3,2021,10,F,2637
1,2021,10,G,29281
3,2021,10,G,41070
1,2021,10,H,8180
3,2021,10,H,5587
1,2021,10,I,12518
3,2021,10,I,20343
1,2021,10,J,6217
3,2021,10,J,5082
1,2021,10,K,2422
3,2021,10,K,2738
1,2021,10,L,359
3,2021,10,L,695
1,2021,10,M,4736
3,2021,10,M,5853
1,2021,10,N,16316
3,2021,10,N,26738
1,2021,10,O,-68
3,2021,10,O,994
1,2021,10,P,2557
3,2021,10,P,6665
1,2021,10,Q,1039
3,2021,10,Q,3114
1,2021,10,R,1563
3,2021,10,R,1992
1,2021,10,S,3265
3,2021,10,S,5637
1,2021,10,T,-70
3,2021,10,T,16
1,2021,10,U,10
3,2021,10,U,-1
1,2021,11,A,-15720
3,2021,11,A,-1403
1,2021,11,B,153
3,2021,11,B,306
1,2021,11,C,-3340
3,2021,11,C,9273
1,2021,11,D,-296
3,2021,11,D,125
1,2021,11,E,1443
3,2021,11,E,514
1,2021,11,F,10375
3,2021,11,F,2098
1,2021,11,G,52317
3,2021,11,G,86968
1,2021,11,H,11489
3,2021,11,H,6543
1,2021,11,I,14782
3,2021,11,I,21634
1,2021,11,J,7041
3,2021,11,J,4963
1,2021,11,K,2413
3,2021,11,K,2929
1,2021,11,L,788
3,2021,11,L,993
1,2021,11,M,7102
3,2021,11,M,6642
1,2021,11,N,32782
3,2021,11,N,40125
1,2021,11,O,-285
3,2021,11,O,223
1,2021,11,P,1091
3,2021,11,P,1523
1,2021,11,Q,1113
3,2021,11,Q,6287
1,2021,11,R,624
3,2021,11,R,1902
1,2021,11,S,2437
3,2021,11,S,5722
1,2021,11,T,-8
3,2021,11,T,23
1,2021,11,U,-2
3,2021,11,U,3
1,2021,12,A,-23171
3,2021,12,A,-2756
1,2021,12,B,-925
3,2021,12,B,-200
1,2021,12,C,-55049
3,2021,12,C,-33246
1,2021,12,D,-563
3,2021,12,D,-13
1,2021,12,E,-985
3,2021,12,E,-1065
1,2021,12,F,-50604
3,2021,12,F,-1440
1,2021,12,G,-4673
3,2021,12,G,13686
1,2021,12,H,-7846
3,2021,12,H,-4113
1,2021,12,I,9260
3,2021,12,I,10847
1,2021,12,J,2253
3,2021,12,J,2532
1,2021,12,K,846
3,2021,12,K,343
1,2021,12,L,-158
3,2021,12,L,133
1,2021,12,M,-3618
3,2021,12,M,-3882
1,2021,12,N,-5109
3,2021,12,N,-11256
1,2021,12,O,-3021
3,2021,12,O,-14762
1,2021,12,P,-17614
3,2021,12,P,-44930
1,2021,12,Q,-599
3,2021,12,Q,-3435
1,2021,12,R,457
3,2021,12,R,354
1,2021,12,S,-2904
3,2021,12,S,-8441
1,2021,12,T,-2
3,2021,12,T,4
1,2021,12,U,-8
3,2021,12,U,-3
1,2022,1,A,21789
3,2022,1,A,1434
1,2022,1,B,327
3,2022,1,B,180
1,2022,1,C,26765
3,2022,1,C,22037
1,2022,1,D,-54
3,2022,1,D,76
1,2022,1,E,1625
3,2022,1,E,463
1,2022,1,F,35142
3,2022,1,F,1640
1,2022,1,G,-21154
3,2022,1,G,-38933
1,2022,1,H,3357
3,2022,1,H,2466
1,2022,1,I,877
3,2022,1,I,1129
1,2022,1,J,4519
3,2022,1,J,2832
1,2022,1,K,1596
3,2022,1,K,1701
1,2022,1,L,361
3,2022,1,L,701
1,2022,1,M,6259
3,2022,1,M,6607
1,2022,1,N,16877
3,2022,1,N,17280
1,2022,1,O,527
3,2022,1,O,688
1,2022,1,P,1974
3,2022,1,P,9221
1,2022,1,Q,3700
3,2022,1,Q,13254
1,2022,1,R,2068
3,2022,1,R,776
1,2022,1,S,1120
3,2022,1,S,1839
1,2022,1,T,18
3,2022,1,T,24
1,2022,1,U,-6
3,2022,1,U,3
1,2022,2,A,13120
3,2022,2,A,3125
1,2022,2,B,1495
3,2022,2,B,409
1,2022,2,C,17633
3,2022,2,C,20938
1,2022,2,D,-86
3,2022,2,D,-57
1,2022,2,E,1911
3,2022,2,E,753
1,2022,2,F,34985
3,2022,2,F,4433
1,2022,2,G,14541
3,2022,2,G,-1323
1,2022,2,H,8766
3,2022,2,H,5284
1,2022,2,I,6575
3,2022,2,I,13863
1,2022,2,J,4069
3,2022,2,J,3838
1,2022,2,K,1932
3,2022,2,K,1783
1,2022,2,L,595
3,2022,2,L,778
1,2022,2,M,7964
3,2022,2,M,5657
1,2022,2,N,12550
3,2022,2,N,18744
1,2022,2,O,1662
3,2022,2,O,10051
1,2022,2,P,15416
3,2022,2,P,51091
1,2022,2,Q,4164
3,2022,2,Q,19109
1,2022,2,R,1511
3,2022,2,R,1399
1,2022,2,S,4192
3,2022,2,S,14201
1,2022,2,T,0
3,2022,2,T,1
1,2022,2,U,1
3,2022,2,U,9
1,2022,3,A,-14802
3,2022,3,A,-2857
1,2022,3,B,804
3,2022,3,B,85
1,2022,3,C,2546
3,2022,3,C,9541
1,2022,3,D,137
3,2022,3,D,63
1,2022,3,E,1270
3,2022,3,E,811
1,2022,3,F,22968
3,2022,3,F,1944
1,2022,3,G,3287
3,2022,3,G,-2933
1,2022,3,H,11160
3,2022,3,H,5068
1,2022,3,I,1404
3,2022,3,I,5645
1,2022,3,J,5332
3,2022,3,J,4483
1,2022,3,K,1671
3,2022,3,K,1519
1,2022,3,L,628
3,2022,3,L,672
1,2022,3,M,8616
3,2022,3,M,4485
1,2022,3,N,6610
3,2022,3,N,5447
1,2022,3,O,907
3,2022,3,O,4688
1,2022,3,P,7108
3,2022,3,P,21142
1,2022,3,Q,841
3,2022,3,Q,2993
1,2022,3,R,398
3,2022,3,R,761
1,2022,3,S,2668
3,2022,3,S,6946
1,2022,3,T,-15
3,2022,3,T,-12
1,2022,3,U,11
3,2022,3,U,21
1,2022,4,A,-2818
3,2022,4,A,-611
1,2022,4,B,1240
3,2022,4,B,251
1,2022,4,C,15947
3,2022,4,C,6566
1,2022,4,D,-219
3,2022,4,D,62
1,2022,4,E,1713
3,2022,4,E,809
1,2022,4,F,22408
3,2022,4,F,2705
1,2022,4,G,16369
3,2022,4,G,12876
1,2022,4,H,13182
3,2022,4,H,3081
1,2022,4,I,8090
3,2022,4,I,11324
1,2022,4,J,3688
3,2022,4,J,4778
1,2022,4,K,1812
3,2022,4,K,2104
1,2022,4,L,609
3,2022,4,L,439
1,2022,4,M,7359
3,2022,4,M,3222
1,2022,4,N,8181
3,2022,4,N,7233
1,2022,4,O,513
3,2022,4,O,2419
1,2022,4,P,4741
3,2022,4,P,12441
1,2022,4,Q,3085
3,2022,4,Q,6949
1,2022,4,R,2127
3,2022,4,R,1118
1,2022,4,S,3040
3,2022,4,S,4957
1,2022,4,T,-1
3,2022,4,T,18
1,2022,4,U,1
3,2022,4,U,7
1,2022,5,A,17078
3,2022,5,A,5971
1,2022,5,B,1211
3,2022,5,B,310
1,2022,5,C,29840
3,2022,5,C,12242
1,2022,5,D,-254
3,2022,5,D,127
1,2022,5,E,2582
3,2022,5,E,911
1,2022,5,F,30754
3,2022,5,F,4148
1,2022,5,G,24008
3,2022,5,G,23544
1,2022,5,H,10935
3,2022,5,H,3831
1,2022,5,I,8370
3,2022,5,I,12955
1,2022,5,J,4062
3,2022,5,J,4428
1,2022,5,K,1642
3,2022,5,K,1293
1,2022,5,L,508
3,2022,5,L,212
1,2022,5,M,7068
3,2022,5,M,4794
1,2022,5,N,11998
3,2022,5,N,13199
1,2022,5,O,8
3,2022,5,O,1752
1,2022,5,P,3019
3,2022,5,P,9185
1,2022,5,Q,2197
3,2022,5,Q,8401
1,2022,5,R,1479
3,2022,5,R,976
1,2022,5,S,3134
3,2022,5,S,4396
1,2022,5,T,-2
3,2022,5,T,24
1,2022,5,U,7
3,2022,5,U,4
1,2022,6,A,25762
3,2022,6,A,7948
1,2022,6,B,1149
3,2022,6,B,188
1,2022,6,C,24352
3,2022,6,C,13633
1,2022,6,D,-23
3,2022,6,D,183
1,2022,6,E,1584
3,2022,6,E,450
1,2022,6,F,27266
3,2022,6,F,3020
1,2022,6,G,23459
3,2022,6,G,23716
1,2022,6,H,12681
3,2022,6,H,4070
1,2022,6,I,7582
3,2022,6,I,10179
1,2022,6,J,4270
3,2022,6,J,4427
1,2022,6,K,1848
3,2022,6,K,1813
1,2022,6,L,239
3,2022,6,L,240
1,2022,6,M,6254
3,2022,6,M,5076
1,2022,6,N,20230
3,2022,6,N,21421
1,2022,6,O,517
3,2022,6,O,2512
1,2022,6,P,-1062
3,2022,6,P,389
1,2022,6,Q,3026
3,2022,6,Q,9162
1,2022,6,R,891
3,2022,6,R,1182
1,2022,6,S,2854
3,2022,6,S,4657
1,2022,6,T,8
3,2022,6,T,9
1,2022,6,U,2
3,2022,6,U,3
1,2022,7,A,10898
3,2022,7,A,4297
1,2022,7,B,1238
3,2022,7,B,333
1,2022,7,C,29860
3,2022,7,C,16412
1,2022,7,D,375
3,2022,7,D,83
1,2022,7,E,1228
3,2022,7,E,975
1,2022,7,F,30121
3,2022,7,F,1946
1,2022,7,G,19708
3,2022,7,G,18868
1,2022,7,H,9518
3,2022,7,H,3876
1,2022,7,I,4891
3,2022,7,I,7543
1,2022,7,J,2979
3,2022,7,J,2364
1,2022,7,K,1776
3,2022,7,K,1144
1,2022,7,L,204
3,2022,7,L,-152
1,2022,7,M,5646
3,2022,7,M,3858
1,2022,7,N,12175
3,2022,7,N,7909
1,2022,7,O,2690
3,2022,7,O,1409
1,2022,7,P,-3028
3,2022,7,P,-4401
1,2022,7,Q,2728
3,2022,7,Q,10887
1,2022,7,R,1178
3,2022,7,R,1082
1,2022,7,S,2571
3,2022,7,S,2951
1,2022,7,T,5
3,2022,7,T,4
1,2022,7,U,5
3,2022,7,U,2
1,2022,8,A,6512
3,2022,8,A,1069
1,2022,8,B,986
3,2022,8,B,244
1,2022,8,C,34914
3,2022,8,C,14015
1,2022,8,D,193
3,2022,8,D,72
1,2022,8,E,1920
3,2022,8,E,414
1,2022,8,F,32455
3,2022,8,F,2700
1,2022,8,G,22968
3,2022,8,G,18925
1,2022,8,H,10731
3,2022,8,H,3389
1,2022,8,I,6541
3,2022,8,I,10045
1,2022,8,J,3757
3,2022,8,J,2818
1,2022,8,K,1941
3,2022,8,K,2146
1,2022,8,L,335
3,2022,8,L,313
1,2022,8,M,8235
3,2022,8,M,4796
1,2022,8,N,21308
3,2022,8,N,15761
1,2022,8,O,956
3,2022,8,O,3646
1,2022,8,P,8921
3,2022,8,P,19738
1,2022,8,Q,1836
3,2022,8,Q,2938
1,2022,8,R,2079
3,2022,8,R,1460
1,2022,8,S,2101
3,2022,8,S,5276
1,2022,8,T,20
3,2022,8,T,1
1,2022,8,U,7
3,2022,8,U,4
1,2022,9,A,10161
3,2022,9,A,-868
1,2022,9,B,766
3,2022,9,B,353
1,2022,9,C,39766
3,2022,9,C,14357
1,2022,9,D,226
3,2022,9,D,86
1,2022,9,E,1140
3,2022,9,E,215
1,2022,9,F,28170
3,2022,9,F,3024
1,2022,9,G,29152
3,2022,9,G,28820
1,2022,9,H,12583
3,2022,9,H,3287
1,2022,9,I,7902
3,2022,9,I,10165
1,2022,9,J,4823
3,2022,9,J,3238
1,2022,9,K,1554
3,2022,9,K,2004
1,2022,9,L,318
3,2022,9,L,322
1,2022,9,M,4662
3,2022,9,M,5007
1,2022,9,N,19181
3,2022,9,N,18093
1,2022,9,O,963
3,2022,9,O,2199
1,2022,9,P,4037
3,2022,9,P,9597
1,2022,9,Q,1205
3,2022,9,Q,3547
1,2022,9,R,1064
3,2022,9,R,1453
1,2022,9,S,1479
3,2022,9,S,3856
1,2022,9,T,4
3,2022,9,T,13
1,2022,9,U,-14
3,2022,9,U,4
1,2022,10,A,-782
3,2022,10,A,-287
1,2022,10,B,327
3,2022,10,B,358
1,2022,10,C,4755
3,2022,10,C,8341
1,2022,10,D,-147
3,2022,10,D,-43
1,2022,10,E,1115
3,2022,10,E,186
1,2022,10,F,4073
3,2022,10,F,1357
1,2022,10,G,22402
3,2022,10,G,26958
1,2022,10,H,8416
3,2022,10,H,2015
1,2022,10,I,5699
3,2022,10,I,8898
1,2022,10,J,1319
3,2022,10,J,711
1,2022,10,K,1206
3,2022,10,K,1939
1,2022,10,L,467
3,2022,10,L,288
1,2022,10,M,5548
3,2022,10,M,4415
1,2022,10,N,14431
3,2022,10,N,18925
1,2022,10,O,651
3,2022,10,O,2004
1,2022,10,P,1793
3,2022,10,P,5026
1,2022,10,Q,526
3,2022,10,Q,3519
1,2022,10,R,371
3,2022,10,R,1288
1,2022,10,S,-187
3,2022,10,S,1985
1,2022,10,T,3
3,2022,10,T,23
1,2022,10,U,-8
3,2022,10,U,-2
1,2022,11,A,-17309
3,2022,11,A,-118
1,2022,11,B,-199
3,2022,11,B,1103
1,2022,11,C,-21648
3,2022,11,C,-4978
1,2022,11,D,110
3,2022,11,D,110
1,2022,11,E,290
3,2022,11,E,-493
1,2022,11,F,-18507
3,2022,11,F,-169
1,2022,11,G,40024
3,2022,11,G,65946
1,2022,11,H,5284
3,2022,11,H,5741
1,2022,11,I,9071
3,2022,11,I,12399
1,2022,11,J,1164
3,2022,11,J,1038
1,2022,11,K,1307
3,2022,11,K,1486
1,2022,11,L,196
3,2022,11,L,-59
1,2022,11,M,4540
3,2022,11,M,4927
1,2022,11,N,16364
3,2022,11,N,21431
1,2022,11,O,642
3,2022,11,O,1133
1,2022,11,P,-587
3,2022,11,P,-1848
1,2022,11,Q,1321
3,2022,11,Q,4543
1,2022,11,R,361
3,2022,11,R,1352
1,2022,11,S,-264
3,2022,11,S,668
1,2022,11,T,16
3,2022,11,T,16
1,2022,11,U,1
3,2022,11,U,4
1,2022,12,A,-32435
3,2022,12,A,-3833
1,2022,12,B,-729
3,2022,12,B,391
1,2022,12,C,-70601
3,2022,12,C,-42391
1,2022,12,D,-880
3,2022,12,D,-148
1,2022,12,E,618
3,2022,12,E,-506
1,2022,12,F,-71176
3,2022,12,F,-3262
1,2022,12,G,-15822
3,2022,12,G,-1455
1,2022,12,H,-13411
3,2022,12,H,-5570
1,2022,12,I,1616
3,2022,12,I,-1597
1,2022,12,J,-2387
3,2022,12,J,-1242
1,2022,12,K,-530
3,2022,12,K,-415
1,2022,12,L,-513
3,2022,12,L,-427
1,2022,12,M,-5746
3,2022,12,M,-4982
1,2022,12,N,-10503
3,2022,12,N,-15765
1,2022,12,O,-3453
3,2022,12,O,-19400
1,2022,12,P,-19773
3,2022,12,P,-56377
1,2022,12,Q,-2005
3,2022,12,Q,-8823
1,2022,12,R,502
3,2022,12,R,-572
1,2022,12,S,-4656
3,2022,12,S,-11981
1,2022,12,T,1
3,2022,12,T,-18
1,2022,12,U,-2
3,2022,12,U,2
1,2023,1,A,17476
3,2023,1,A,-134
1,2023,1,B,73
3,2023,1,B,268
1,2023,1,C,20519
3,2023,1,C,13224
1,2023,1,D,-43
3,2023,1,D,-68
1,2023,1,E,114
3,2023,1,E,-59
1,2023,1,F,36084
3,2023,1,F,2884
1,2023,1,G,-16200
3,2023,1,G,-37330
1,2023,1,H,1813
3,2023,1,H,877
1,2023,1,I,-603
3,2023,1,I,-1748
1,2023,1,J,623
3,2023,1,J,382
1,2023,1,K,698
3,2023,1,K,587
1,2023,1,L,228
3,2023,1,L,-22
1,2023,1,M,4770
3,2023,1,M,5057
1,2023,1,N,3837
3,2023,1,N,370
1,2023,1,O,4137
3,2023,1,O,4106
1,2023,1,P,1231
3,2023,1,P,4235
1,2023,1,Q,234
3,2023,1,Q,5616
1,2023,1,R,2259
3,2023,1,R,914
1,2023,1,S,390
3,2023,1,S,913
1,2023,1,T,-8
3,2023,1,T,-7
1,2023,1,U,-2
3,2023,1,U,-11
1,2023,2,A,11988
3,2023,2,A,1722
1,2023,2,B,860
3,2023,2,B,464
1,2023,2,C,21957
3,2023,2,C,15254
1,2023,2,D,-11
3,2023,2,D,204
1,2023,2,E,946
3,2023,2,E,726
1,2023,2,F,19268
3,2023,2,F,2973
1,2023,2,G,7166
3,2023,2,G,-8520
1,2023,2,H,10671
3,2023,2,H,6026
1,2023,2,I,5237
3,2023,2,I,10222
1,2023,2,J,-900
3,2023,2,J,104
1,2023,2,K,-417
3,2023,2,K,-433
1,2023,2,L,175
3,2023,2,L,216
1,2023,2,M,5821
3,2023,2,M,2598
1,2023,2,N,8824
3,2023,2,N,13210
1,2023,2,O,3636
3,2023,2,O,16445
1,2023,2,P,13688
3,2023,2,P,44519
1,2023,2,Q,2300
3,2023,2,Q,9889
1,2023,2,R,1255
3,2023,2,R,1229
1,2023,2,S,1763
3,2023,2,S,8362
1,2023,2,T,1
3,2023,2,T,30
1,2023,2,U,-3
3,2023,2,U,-2
1,2023,3,A,2093
3,2023,3,A,-164
1,2023,3,B,1281
3,2023,3,B,285
1,2023,3,C,9226
3,2023,3,C,8651
1,2023,3,D,-7
3,2023,3,D,99
1,2023,3,E,830
3,2023,3,E,620
1,2023,3,F,30060
3,2023,3,F,3557
1,2023,3,G,14359
3,2023,3,G,4196
1,2023,3,H,18651
3,2023,3,H,4766
1,2023,3,I,4707
3,2023,3,I,6605
1,2023,3,J,702
3,2023,3,J,466
1,2023,3,K,-266
3,2023,3,K,-283
1,2023,3,L,266
3,2023,3,L,376
1,2023,3,M,6688
3,2023,3,M,3130
1,2023,3,N,12082
3,2023,3,N,12293
1,2023,3,O,1613
3,2023,3,O,6752
1,2023,3,P,6391
3,2023,3,P,15944
1,2023,3,Q,2918
3,2023,3,Q,11354
1,2023,3,R,371
3,2023,3,R,946
1,2023,3,S,1463
3,2023,3,S,4442
1,2023,3,T,-17
3,2023,3,T,5
1,2023,3,U,-2
3,2023,3,U,-7
1,2023,4,A,3847
3,2023,4,A,343
1,2023,4,B,1820
3,2023,4,B,655
1,2023,4,C,7802
3,2023,4,C,6386
1,2023,4,D,8
3,2023,4,D,63
1,2023,4,E,1771
3,2023,4,E,210
1,2023,4,F,24249
3,2023,4,F,2660
1,2023,4,G,17127
3,2023,4,G,10433
1,2023,4,H,14033
3,2023,4,H,2077
1,2023,4,I,4442
3,2023,4,I,4725
1,2023,4,J,1476
3,2023,4,J,1064
1,2023,4,K,285
3,2023,4,K,25
1,2023,4,L,336
3,2023,4,L,322
1,2023,4,M,3982
3,2023,4,M,3560
1,2023,4,N,14255
3,2023,4,N,6527
1,2023,4,O,965
3,2023,4,O,3617
1,2023,4,P,4202
3,2023,4,P,11021
1,2023,4,Q,3676
3,2023,4,Q,14647
1,2023,4,R,1696
3,2023,4,R,904
1,2023,4,S,2375
3,2023,4,S,3594
1,2023,4,T,-1
3,2023,4,T,0
1,2023,4,U,1
3,2023,4,U,5
1,2023,5,A,11761
3,2023,5,A,5959
1,2023,5,B,1981
3,2023,5,B,664
1,2023,5,C,1863
3,2023,5,C,3895
1,2023,5,D,177
3,2023,5,D,36
1,2023,5,E,-198
3,2023,5,E,13
1,2023,5,F,25955
3,2023,5,F,1987
1,2023,5,G,8321
3,2023,5,G,7092
1,2023,5,H,5339
3,2023,5,H,2174
1,2023,5,I,3622
3,2023,5,I,1724
1,2023,5,J,1433
3,2023,5,J,1560
1,2023,5,K,39
3,2023,5,K,141
1,2023,5,L,291
3,2023,5,L,182
1,2023,5,M,2340
3,2023,5,M,1909
1,2023,5,N,15901
3,2023,5,N,13955
1,2023,5,O,400
3,2023,5,O,2316
1,2023,5,P,2970
3,2023,5,P,6555
1,2023,5,Q,3208
3,2023,5,Q,10632
1,2023,5,R,1389
3,2023,5,R,944
1,2023,5,S,1800
3,2023,5,S,3037
1,2023,5,T,0
3,2023,5,T,25
1,2023,5,U,12
3,2023,5,U,-2
1,2023,5,Z,-3
1,2023,6,A,18638
3,2023,6,A,6255
1,2023,6,B,1370
3,2023,6,B,456
1,2023,6,C,9151
3,2023,6,C,556
1,2023,6,D,137
3,2023,6,D,95
1,2023,6,E,387
3,2023,6,E,-34
1,2023,6,F,19426
3,2023,6,F,1532
1,2023,6,G,12497
3,2023,6,G,8055
1,2023,6,H,8307
3,2023,6,H,3187
1,2023,6,I,6235
3,2023,6,I,6810
1,2023,6,J,-450
3,2023,6,J,492
1,2023,6,K,486
3,2023,6,K,612
1,2023,6,L,239
3,2023,6,L,108
1,2023,6,M,3347
3,2023,6,M,2790
1,2023,6,N,17339
3,2023,6,N,15066
1,2023,6,O,487
3,2023,6,O,1246
1,2023,6,P,-2712
3,2023,6,P,-1774
1,2023,6,Q,2461
3,2023,6,Q,6438
1,2023,6,R,1192
3,2023,6,R,1229
1,2023,6,S,1011
3,2023,6,S,2281
1,2023,6,T,-5
3,2023,6,T,-3
1,2023,6,U,7
3,2023,6,U,2
1,2023,6,Z,-4
3,2023,6,Z,-1
1,2023,7,A,10003
3,2023,7,A,2902
1,2023,7,B,930
3,2023,7,B,285
1,2023,7,C,13921
3,2023,7,C,4379
1,2023,7,D,380
3,2023,7,D,61
1,2023,7,E,1194
3,2023,7,E,103
1,2023,7,F,23874
3,2023,7,F,1536
1,2023,7,G,15710
3,2023,7,G,11031
1,2023,7,H,6434
3,2023,7,H,2473
1,2023,7,I,4760
3,2023,7,I,4674
1,2023,7,J,1200
3,2023,7,J,1312
1,2023,7,K,1033
3,2023,7,K,556
1,2023,7,L,319
3,2023,7,L,209
1,2023,7,M,4112
3,2023,7,M,2259
1,2023,7,N,11947
3,2023,7,N,4250
1,2023,7,O,-117
3,2023,7,O,-85
1,2023,7,P,-3179
3,2023,7,P,-5193
1,2023,7,Q,3263
3,2023,7,Q,10067
1,2023,7,R,958
3,2023,7,R,873
1,2023,7,S,1846
3,2023,7,S,2306
1,2023,7,T,3
3,2023,7,T,-4
1,2023,7,U,7
3,2023,7,U,9
1,2023,7,Z,0
1,2023,8,A,5165
3,2023,8,A,1396
1,2023,8,B,771
3,2023,8,B,295
1,2023,8,C,20148
3,2023,8,C,7927
1,2023,8,D,397
3,2023,8,D,135
1,2023,8,E,262
3,2023,8,E,1149
1,2023,8,F,25507
3,2023,8,F,2849
1,2023,8,G,22897
3,2023,8,G,18947
1,2023,8,H,9282
3,2023,8,H,3510
1,2023,8,I,6667
3,2023,8,I,7847
1,2023,8,J,636
3,2023,8,J,7
1,2023,8,K,1124
3,2023,8,K,1238
1,2023,8,L,108
3,2023,8,L,280
1,2023,8,M,4340
3,2023,8,M,1914
1,2023,8,N,19831
3,2023,8,N,14047
1,2023,8,O,10
3,2023,8,O,1058
1,2023,8,P,7489
3,2023,8,P,16236
1,2023,8,Q,2484
3,2023,8,Q,8862
1,2023,8,R,895
3,2023,8,R,1313
1,2023,8,S,1473
3,2023,8,S,3833
1,2023,8,T,5
3,2023,8,T,1
1,2023,8,U,2
3,2023,8,U,12
1,2023,8,Z,-9